{"cameraMode":{"drawMode":0,"name":"Shaded","section":"Shading Mode"},"sceneLighting":false,"audioPlay":false,"sceneViewState":{"m_AlwaysRefresh":false,"showFog":true,"showSkybox":false,"showFlares":true,"showImageEffects":true,"showParticleSystems":true,"showVisualEffectGraphs":true,"m_FxEnabled":true},"in2DMode":false,"pivot":{"x":0.0053792595863342289,"y":0.0742117166519165,"z":0.06686162948608399},"rotation":{"x":-0.1452585607767105,"y":0.3319720923900604,"z":-0.05179246515035629,"w":-0.9307491779327393},"size":1.402233600616455,"orthographic":false}