{"cameraMode":{"drawMode":0,"name":"Shaded","section":"Shading Mode"},"sceneLighting":false,"audioPlay":false,"sceneViewState":{"m_AlwaysRefresh":false,"showFog":true,"showSkybox":false,"showFlares":true,"showImageEffects":true,"showParticleSystems":true,"showVisualEffectGraphs":true,"m_FxEnabled":true},"in2DMode":false,"pivot":{"x":0.0011172890663146973,"y":0.058723822236061099,"z":-0.08340334892272949},"rotation":{"x":-0.2587839365005493,"y":0.5930529832839966,"z":-0.20935657620429994,"w":-0.7332419753074646},"size":1.4569945335388184,"orthographic":false}