{"cameraMode":{"drawMode":0,"name":"Shaded","section":"Shading Mode"},"sceneLighting":false,"audioPlay":false,"sceneViewState":{"m_AlwaysRefresh":false,"showFog":true,"showSkybox":false,"showFlares":true,"showImageEffects":true,"showParticleSystems":true,"showVisualEffectGraphs":true,"m_FxEnabled":true},"in2DMode":false,"pivot":{"x":0.0004222691059112549,"y":-0.0005382001399993897,"z":-0.009076237678527832},"rotation":{"x":-0.3581925332546234,"y":0.5932854413986206,"z":-0.3321360647678375,"w":-0.6399462223052979},"size":1.5096240043640137,"orthographic":false}